URL,Name,Location,Email,Phone,
http:/albanyga.craigslist.org/apa/4063861900.html,"- $900 / 3br - 1800ft² - House For Rent (600 Eugemar Drive, Albany GA)","600 Eugemar Drive, Albany GA",rnrzq-4063861900@hous.craigslist.org,229-436-1053,
http:/albanyga.craigslist.org/apa/4063861900.html,"- $900 / 3br - 1800ft² - House For Rent (600 Eugemar Drive, Albany GA)","600 Eugemar Drive, Albany GA",rnrzq-4063861900@hous.craigslist.org,229-436-1053,
http:/albanyga.craigslist.org/apa/4109589711.html,"- $450 / 1br - 576ft² - BEAUTIFUL 1BR/1BA HOME WITH ATTIC STORAGE! (Albany, ga)","Albany, ga",n9sxj-4109589711@hous.craigslist.org,(229) 514-4058,(229) 514-4058
http:/albanyga.craigslist.org/apa/4109589711.html,"- $450 / 1br - 576ft² - BEAUTIFUL 1BR/1BA HOME WITH ATTIC STORAGE! (Albany, ga)","Albany, ga",n9sxj-4109589711@hous.craigslist.org,(229) 514-4058,(229) 514-4058
http:/albanyga.craigslist.org/apa/4109540691.html,- $750 / 3br - 1250ft² - Duplex for rent (3638 Rodnor Forest La),3638 Rodnor Forest La,r6tqt-4109540691@hous.craigslist.org,,
http:/albanyga.craigslist.org/apa/4109540691.html,- $750 / 3br - 1250ft² - Duplex for rent (3638 Rodnor Forest La),3638 Rodnor Forest La,r6tqt-4109540691@hous.craigslist.org,,
http:/albanyga.craigslist.org/apa/4077238680.html,"- $430 / 1br - 564ft² - HILLSIDE MANOR APARTMENTS INVITES YOU TO JOIN OUR COMMUNITY!! (AMERICUS, GA.)","AMERICUS, GA.",dtdgz-4077238680@hous.craigslist.org,229-924-9859,
http:/albanyga.craigslist.org/apa/4077238680.html,"- $430 / 1br - 564ft² - HILLSIDE MANOR APARTMENTS INVITES YOU TO JOIN OUR COMMUNITY!! (AMERICUS, GA.)","AMERICUS, GA.",dtdgz-4077238680@hous.craigslist.org,229-924-9859,
http:/albanyga.craigslist.org/apa/4060149770.html,"- $1325 1406 Dawson Rd., Albany, GA 31707 (Commercial)",Commercial,fh9wz-4060149770@hous.craigslist.org,229-436-3353,
http:/albanyga.craigslist.org/apa/4060149770.html,"- $1325 1406 Dawson Rd., Albany, GA 31707 (Commercial)",Commercial,fh9wz-4060149770@hous.craigslist.org,229-436-3353,
http:/albanyga.craigslist.org/apa/4108666840.html,"- $575 / 3br - 1003 1st Ave, Albany, GA 31701 (Downtown)",Downtown,xjh4x-4108666840@hous.craigslist.org,229-436-3353,
http:/albanyga.craigslist.org/apa/4108666840.html,"- $575 / 3br - 1003 1st Ave, Albany, GA 31701 (Downtown)",Downtown,xjh4x-4108666840@hous.craigslist.org,229-436-3353,
http:/albanyga.craigslist.org/apa/4108225340.html,- $600 / 1br - House With Beautiful View (Albany ga),Albany ga,jebyakerxp4o@hotmail.com,,
http:/albanyga.craigslist.org/apa/4108225340.html,- $600 / 1br - House With Beautiful View (Albany ga),Albany ga,jebyakerxp4o@hotmail.com,,
http:/albanyga.craigslist.org/apa/4107812680.html,"- $500 / 2br - 2 Bed, 2.5 Bath With Wooden Floors (Albany, GA)","Albany, GA",cipylisezuzozo@hotmail.com,,
http:/albanyga.craigslist.org/apa/4107812680.html,"- $500 / 2br - 2 Bed, 2.5 Bath With Wooden Floors (Albany, GA)","Albany, GA",cipylisezuzozo@hotmail.com,,
http:/albanyga.craigslist.org/apa/4064549010.html,"- $509 / 1br - 699ft² - 1st floor apartment, available for immediate move in (Pinnacle West)",Pinnacle West,stncv-4064549010@hous.craigslist.org,229-438-9999,
http:/albanyga.craigslist.org/apa/4064549010.html,"- $509 / 1br - 699ft² - 1st floor apartment, available for immediate move in (Pinnacle West)",Pinnacle West,stncv-4064549010@hous.craigslist.org,229-438-9999,
http:/albanyga.craigslist.org/apa/4050451321.html,- $499 / 1br - 699ft² - RENT FREE FOR SEPTEMBER! (Pinnacle West),Pinnacle West,tffwn-4050451321@hous.craigslist.org,229-438-9999,
http:/albanyga.craigslist.org/apa/4050451321.html,- $499 / 1br - 699ft² - RENT FREE FOR SEPTEMBER! (Pinnacle West),Pinnacle West,tffwn-4050451321@hous.craigslist.org,229-438-9999,
http:/albanyga.craigslist.org/apa/4050456651.html,- $489 / 1br - 699ft² - NEW CARPET! RENT FREE! (Pinnacle West),Pinnacle West,vc4gc-4050456651@hous.craigslist.org,229-438-9999,
http:/albanyga.craigslist.org/apa/4050456651.html,- $489 / 1br - 699ft² - NEW CARPET! RENT FREE! (Pinnacle West),Pinnacle West,vc4gc-4050456651@hous.craigslist.org,229-438-9999,
http:/albanyga.craigslist.org/apa/4050721260.html,- $499 / 1br - 699ft² - 1 Bedroom with beautiful View! (Pinnacle West),Pinnacle West,pinnaclewest@mckinley.com,229-438-9999,
http:/albanyga.craigslist.org/apa/4050721260.html,- $499 / 1br - 699ft² - 1 Bedroom with beautiful View! (Pinnacle West),Pinnacle West,pinnaclewest@mckinley.com,229-438-9999,
http:/albanyga.craigslist.org/apa/4088827120.html,- $589 / 2br - 969ft² - Got pets? Check out this 2 bedroom  (Pinnacle West),Pinnacle West,pinnaclewest@mckinley.com,229-438-9999,
http:/albanyga.craigslist.org/apa/4088827120.html,- $589 / 2br - 969ft² - Got pets? Check out this 2 bedroom  (Pinnacle West),Pinnacle West,pinnaclewest@mckinley.com,229-438-9999,
http:/albanyga.craigslist.org/apa/4088833611.html,"- $479 / 1br - 686ft² - 1 bedroom, 3rd floor, fireplace, balcony (Pinnacle West)",Pinnacle West,pinnaclewest@mckinley.com,229-438-9999,
http:/albanyga.craigslist.org/apa/4088833611.html,"- $479 / 1br - 686ft² - 1 bedroom, 3rd floor, fireplace, balcony (Pinnacle West)",Pinnacle West,pinnaclewest@mckinley.com,229-438-9999,
http:/albanyga.craigslist.org/apa/4094459711.html,- $925 / 4br - 1300ft² - Amazing residence (Albany),Albany,ul,,
http:/albanyga.craigslist.org/apa/4094459711.html,- $925 / 4br - 1300ft² - Amazing residence (Albany),Albany,ul,,
http:/albanyga.craigslist.org/apa/4058227110.html,"- $1500 / 5br - 4000ft² - BEAUTIFUL SPANISH VILLA IN THE COUNTRY-Broker Co-op Welcome (CAMILLA, GA.)","CAMILLA, GA.",69tms-4058227110@hous.craigslist.org,800-314-3869,310-701-3183
http:/albanyga.craigslist.org/apa/4058227110.html,"- $1500 / 5br - 4000ft² - BEAUTIFUL SPANISH VILLA IN THE COUNTRY-Broker Co-op Welcome (CAMILLA, GA.)","CAMILLA, GA.",69tms-4058227110@hous.craigslist.org,800-314-3869,310-701-3183
http:/albanyga.craigslist.org/apa/4107217920.html,"- $450 / 1br - 576ft² - THESE 1BR/1BA HOMES FEATURE PRIVATE PATIOS! (Albany, ga)","Albany, ga",pkkbx-4107217920@hous.craigslist.org,(229) 514-4058,(229) 514-4058
http:/albanyga.craigslist.org/apa/4107217920.html,"- $450 / 1br - 576ft² - THESE 1BR/1BA HOMES FEATURE PRIVATE PATIOS! (Albany, ga)","Albany, ga",pkkbx-4107217920@hous.craigslist.org,(229) 514-4058,(229) 514-4058
http:/albanyga.craigslist.org/apa/4087965950.html,"- $430 / 1br - 576ft² - MOVE IN BY FRIDAY AND GET $200.00 OFF OCTOBER RENT!! (HILLSIDE APARTMENTS, AMERICUS, GA.)","HILLSIDE APARTMENTS, AMERICUS, GA.",mvhvf-4087965950@hous.craigslist.org,229-924-9859,229-815-0544
http:/albanyga.craigslist.org/apa/4087965950.html,"- $430 / 1br - 576ft² - MOVE IN BY FRIDAY AND GET $200.00 OFF OCTOBER RENT!! (HILLSIDE APARTMENTS, AMERICUS, GA.)","HILLSIDE APARTMENTS, AMERICUS, GA.",mvhvf-4087965950@hous.craigslist.org,229-924-9859,229-815-0544
http:/albanyga.craigslist.org/apa/4093433020.html,- $900 / 3br - 1290ft² - Large with space to spare (Albany),Albany,ul,,
http:/albanyga.craigslist.org/apa/4093433020.html,- $900 / 3br - 1290ft² - Large with space to spare (Albany),Albany,ul,,
http:/albanyga.craigslist.org/apa/4103465170.html,"- $450 / 1br - 1 BR, 1 BA Condo-Great Neighborhood (albany, ga)","albany, ga",iqymatybekal@hotmail.com,,
http:/albanyga.craigslist.org/apa/4103465170.html,"- $450 / 1br - 1 BR, 1 BA Condo-Great Neighborhood (albany, ga)","albany, ga",iqymatybekal@hotmail.com,,
http:/albanyga.craigslist.org/apa/4103477940.html,"- $401 S Mock Rd, Albany - 2   bed apartments  (Atlanta)",Atlanta,ul,,
http:/albanyga.craigslist.org/apa/4103477940.html,"- $401 S Mock Rd, Albany - 2   bed apartments  (Atlanta)",Atlanta,ul,,
http:/albanyga.craigslist.org/apa/4103462860.html,"- $450 / 1br - 1BR/1BA Homes near Albany Mall and Darton College! (Albany, ga)","Albany, ga",k32cd-4103462860@hous.craigslist.org,(229) 514-4058,
http:/albanyga.craigslist.org/apa/4103462860.html,"- $450 / 1br - 1BR/1BA Homes near Albany Mall and Darton College! (Albany, ga)","Albany, ga",k32cd-4103462860@hous.craigslist.org,(229) 514-4058,
http:/albanyga.craigslist.org/apa/4077344900.html,- $945 / 3br - 1350ft² - Quiet townhome including new amenities (Albany),Albany,ul,,
http:/albanyga.craigslist.org/apa/4077344900.html,- $945 / 3br - 1350ft² - Quiet townhome including new amenities (Albany),Albany,ul,,
http:/albanyga.craigslist.org/apa/4100081220.html,"- $400 / 1br - Charming 1 bed property ready now (Albany, ga)","Albany, ga",lejybalovytu72@hotmail.com,,
http:/albanyga.craigslist.org/apa/4100081220.html,"- $400 / 1br - Charming 1 bed property ready now (Albany, ga)","Albany, ga",lejybalovytu72@hotmail.com,,
http:/albanyga.craigslist.org/apa/4098860270.html,"- $695 / 2br - 1092ft² - The Reserve Condominiums Lee County (1449 US Hwy 19 S Leesburg, Ga)","1449 US Hwy 19 S Leesburg, Ga",wf5jd-4098860270@hous.craigslist.org, 347-0083,
http:/albanyga.craigslist.org/apa/4098860270.html,"- $695 / 2br - 1092ft² - The Reserve Condominiums Lee County (1449 US Hwy 19 S Leesburg, Ga)","1449 US Hwy 19 S Leesburg, Ga",wf5jd-4098860270@hous.craigslist.org, 347-0083,
http:/albanyga.craigslist.org/apa/4038767951.html,- $850 / 4br - Clean Mobile Home (South of Bainbridge),South of Bainbridge,sfmqk-4038767951@hous.craigslist.org,,
http:/albanyga.craigslist.org/apa/4038767951.html,- $850 / 4br - Clean Mobile Home (South of Bainbridge),South of Bainbridge,sfmqk-4038767951@hous.craigslist.org,,
http:/albanyga.craigslist.org/apa/4094887010.html,- $400 / 1br - Present for Rent Attractive Apartment (albany),albany,vaqasowiqojoc@hotmail.com,,
http:/albanyga.craigslist.org/apa/4094887010.html,- $400 / 1br - Present for Rent Attractive Apartment (albany),albany,vaqasowiqojoc@hotmail.com,,
http:/albanyga.craigslist.org/apa/4032057191.html,"- $479 / 1br - 686ft² - 1 bedroom, 3rd floor, pool, balcony (Pinnacle West)",Pinnacle West,pinnaclewest@mckinley.com,229-438-9999,
http:/albanyga.craigslist.org/apa/4032057191.html,"- $479 / 1br - 686ft² - 1 bedroom, 3rd floor, pool, balcony (Pinnacle West)",Pinnacle West,pinnaclewest@mckinley.com,229-438-9999,
http:/albanyga.craigslist.org/apa/4033206300.html,- $479 / 1br - 686ft² - SEEKING NEW RESIDENT FOR BEAUTIFUL 1 BEDROOM! (Pinnacle West),Pinnacle West,pinnaclewest@mckinley.com,229-438-9999,
http:/albanyga.craigslist.org/apa/4033206300.html,- $479 / 1br - 686ft² - SEEKING NEW RESIDENT FOR BEAUTIFUL 1 BEDROOM! (Pinnacle West),Pinnacle West,pinnaclewest@mckinley.com,229-438-9999,
http:/albanyga.craigslist.org/apa/4035224571.html,- $499 / 1br - 699ft² - 1 Bedroom with beautiful View! (Pinnacle West),Pinnacle West,fgvnq-4035224571@hous.craigslist.org,229-438-9999,
http:/albanyga.craigslist.org/apa/4035224571.html,- $499 / 1br - 699ft² - 1 Bedroom with beautiful View! (Pinnacle West),Pinnacle West,fgvnq-4035224571@hous.craigslist.org,229-438-9999,
http:/albanyga.craigslist.org/apa/4090843790.html,"- $600 / 2br - Spacious 2 Bedroom, 2 Bathroom Townhouse (Albany ga)",Albany ga,vaqasowiqojoc@hotmail.com,,
http:/albanyga.craigslist.org/apa/4090843790.html,"- $600 / 2br - Spacious 2 Bedroom, 2 Bathroom Townhouse (Albany ga)",Albany ga,vaqasowiqojoc@hotmail.com,,
http:/albanyga.craigslist.org/apa/4072962691.html,- $445 / 1br - 700ft² - 1 Bedroom 1 Bath (Nottingham Apartments),Nottingham Apartments,ul,229-432-9351,
http:/albanyga.craigslist.org/apa/4072962691.html,- $445 / 1br - 700ft² - 1 Bedroom 1 Bath (Nottingham Apartments),Nottingham Apartments,ul,229-432-9351,
http:/albanyga.craigslist.org/apa/4089038251.html,"- $350 1 Room efficiency/studio apt for rent (Albany, GA)","Albany, GA",7nhkh-4089038251@hous.craigslist.org,229-347-0079,
http:/albanyga.craigslist.org/apa/4089038251.html,"- $350 1 Room efficiency/studio apt for rent (Albany, GA)","Albany, GA",7nhkh-4089038251@hous.craigslist.org,229-347-0079,
http:/albanyga.craigslist.org/apa/4088106690.html,- $180 Furnished Weekly Rental,,mqmfj-4088106690@hous.craigslist.org,(229) 436-7775,
http:/albanyga.craigslist.org/apa/4088106690.html,- $180 Furnished Weekly Rental,,mqmfj-4088106690@hous.craigslist.org,(229) 436-7775,
http:/albanyga.craigslist.org/apa/4075009051.html,"- $430 / 1br - 576ft² - ** ONE LEVEL APARTMENTS MAKE MOVING ALOT EASIER! CLICK HERE!** (Americus, GA.)","Americus, GA.",qgpr2-4075009051@hous.craigslist.org,229-924-9859,229-815-0544
http:/albanyga.craigslist.org/apa/4075009051.html,"- $430 / 1br - 576ft² - ** ONE LEVEL APARTMENTS MAKE MOVING ALOT EASIER! CLICK HERE!** (Americus, GA.)","Americus, GA.",qgpr2-4075009051@hous.craigslist.org,229-924-9859,229-815-0544
http:/albanyga.craigslist.org/apa/4086092770.html,"- $450 / 1br - 576ft² - Albany Apartment near Great Shopping and Dining (Albany, ga)","Albany, ga",mnjfx-4086092770@hous.craigslist.org,(229) 514-4058,(229) 514-4058
http:/albanyga.craigslist.org/apa/4086092770.html,"- $450 / 1br - 576ft² - Albany Apartment near Great Shopping and Dining (Albany, ga)","Albany, ga",mnjfx-4086092770@hous.craigslist.org,(229) 514-4058,(229) 514-4058
http:/albanyga.craigslist.org/apa/4080879251.html,"- $700 / 2br - Beautiful 2 BR, 2 BA House (albany)",albany,orydijegino@hotmail.com,,
http:/albanyga.craigslist.org/apa/4080879251.html,"- $700 / 2br - Beautiful 2 BR, 2 BA House (albany)",albany,orydijegino@hotmail.com,,
http:/albanyga.craigslist.org/apa/4080896811.html,"- $750 / 3br - Beautiful 3 BR, 2 BA Brick House (Albany)",Albany,uhevuhilakor@hotmail.com,,
http:/albanyga.craigslist.org/apa/4080896811.html,"- $750 / 3br - Beautiful 3 BR, 2 BA Brick House (Albany)",Albany,uhevuhilakor@hotmail.com,,
http:/albanyga.craigslist.org/apa/4078660070.html,- $525 / 3br - 1300ft² - 3 BEDROOMS 2 BATH Central H&A (2508 Bridgeboro/Radium Springs),2508 Bridgeboro/Radium Springs,f3qfw-4078660070@hous.craigslist.org,229-347-8348,
http:/albanyga.craigslist.org/apa/4078660070.html,- $525 / 3br - 1300ft² - 3 BEDROOMS 2 BATH Central H&A (2508 Bridgeboro/Radium Springs),2508 Bridgeboro/Radium Springs,f3qfw-4078660070@hous.craigslist.org,229-347-8348,
http:/albanyga.craigslist.org/apa/4076224680.html,"- $600 / 3br - Immaculate 3Bd, nice location! (Albany ga)",Albany ga,hikukisyzukekam@hotmail.com,,
http:/albanyga.craigslist.org/apa/4076224680.html,"- $600 / 3br - Immaculate 3Bd, nice location! (Albany ga)",Albany ga,hikukisyzukekam@hotmail.com,,
http:/albanyga.craigslist.org/apa/4076141411.html,- $465 / 2br - 900ft² - 2 BEDROOM SPECIAL (SHADOWOOD APTS),SHADOWOOD APTS,23cnt-4076141411@hous.craigslist.org,229-883-3321,
http:/albanyga.craigslist.org/apa/4076141411.html,- $465 / 2br - 900ft² - 2 BEDROOM SPECIAL (SHADOWOOD APTS),SHADOWOOD APTS,23cnt-4076141411@hous.craigslist.org,229-883-3321,
http:/albanyga.craigslist.org/apa/4013656470.html,- $589 / 2br - 969ft² - LIVE LIFE AT PINNACLE WEST! (Pinnacle West),Pinnacle West,pinnaclewest@mckinley.com,229-438-9999,
http:/albanyga.craigslist.org/apa/4013656470.html,- $589 / 2br - 969ft² - LIVE LIFE AT PINNACLE WEST! (Pinnacle West),Pinnacle West,pinnaclewest@mckinley.com,229-438-9999,
http:/albanyga.craigslist.org/apa/4016879640.html,"- $479 / 1br - 686ft² - Super cute 1 bedroom, vaulted ceilings,ready for Pre Lease (Pinnacle West)",Pinnacle West,pinnaclewest@mckinley.com,229-438-9999,
http:/albanyga.craigslist.org/apa/4016879640.html,"- $479 / 1br - 686ft² - Super cute 1 bedroom, vaulted ceilings,ready for Pre Lease (Pinnacle West)",Pinnacle West,pinnaclewest@mckinley.com,229-438-9999,
http:/albanyga.craigslist.org/apa/4016897091.html,- $499 / 1br - 699ft² - Beach apartment! 1 bed 1 bath (Pinnalce West),Pinnalce West,pinnaclewest@mckinley.com,229-438-9999,
http:/albanyga.craigslist.org/apa/4016897091.html,- $499 / 1br - 699ft² - Beach apartment! 1 bed 1 bath (Pinnalce West),Pinnalce West,pinnaclewest@mckinley.com,229-438-9999,
http:/albanyga.craigslist.org/apa/4016887110.html,- $499 / 1br - 699ft² - Spacious 1st floor apartment! (Pinnacle West),Pinnacle West,pinnaclewest@mckinley.com,229-438-9999,
http:/albanyga.craigslist.org/apa/4016887110.html,- $499 / 1br - 699ft² - Spacious 1st floor apartment! (Pinnacle West),Pinnacle West,pinnaclewest@mckinley.com,229-438-9999,
http:/albanyga.craigslist.org/apa/4013682290.html,- $499 / 1br - 699ft² - ENJOY LIVING LIFE AT PINNACLE WEST! (Pinnacle West),Pinnacle West,pinnaclewest@mckinley.com,229-438-9999,
http:/albanyga.craigslist.org/apa/4013682290.html,- $499 / 1br - 699ft² - ENJOY LIVING LIFE AT PINNACLE WEST! (Pinnacle West),Pinnacle West,pinnaclewest@mckinley.com,229-438-9999,
http:/albanyga.craigslist.org/apa/4013643951.html,"- $499 / 1br - 699ft² - 1st floor, large closet, PRE LEASE TODAY! (Pinnacle West)",Pinnacle West,9mqwx-4013643951@hous.craigslist.org,229-438-9999,
http:/albanyga.craigslist.org/apa/4013643951.html,"- $499 / 1br - 699ft² - 1st floor, large closet, PRE LEASE TODAY! (Pinnacle West)",Pinnacle West,9mqwx-4013643951@hous.craigslist.org,229-438-9999,
http:/albanyga.craigslist.org/apa/4075513501.html,- $223 / 2br - 1051ft² - Public Housing Waiting List Open  (Steele Creek Seniors ),Steele Creek Seniors,pjwsj-4075513501@hous.craigslist.org,,
http:/albanyga.craigslist.org/apa/4075513501.html,- $223 / 2br - 1051ft² - Public Housing Waiting List Open  (Steele Creek Seniors ),Steele Creek Seniors,pjwsj-4075513501@hous.craigslist.org,,
http:/albanyga.craigslist.org/apa/4075252091.html,"- $580 / 3br - 1156ft² - Great Spacious 3br, 2bath apts. (Sunchase Apts. 1308 Hobson St. Albany,GA)","Sunchase Apts. 1308 Hobson St. Albany,GA",qdbjb-4075252091@hous.craigslist.org,,
http:/albanyga.craigslist.org/apa/4075252091.html,"- $580 / 3br - 1156ft² - Great Spacious 3br, 2bath apts. (Sunchase Apts. 1308 Hobson St. Albany,GA)","Sunchase Apts. 1308 Hobson St. Albany,GA",qdbjb-4075252091@hous.craigslist.org,,
http:/albanyga.craigslist.org/apa/4074786860.html,- $500 / 1br - 1000ft² - Your new 1 bed / 1.5 bath place!  (Albany),Albany,wautumn14@yahoo.com,,
http:/albanyga.craigslist.org/apa/4074786860.html,- $500 / 1br - 1000ft² - Your new 1 bed / 1.5 bath place!  (Albany),Albany,wautumn14@yahoo.com,,
http:/albanyga.craigslist.org/apa/4073346240.html,"- $430 / 1br - 576ft² - Looking for a Quiet and Peaceful Community? Here We Are!! (Americus, Ga.)","Americus, Ga.",jzkb8-4073346240@hous.craigslist.org,229-924-9859,
http:/albanyga.craigslist.org/apa/4073346240.html,"- $430 / 1br - 576ft² - Looking for a Quiet and Peaceful Community? Here We Are!! (Americus, Ga.)","Americus, Ga.",jzkb8-4073346240@hous.craigslist.org,229-924-9859,
http:/albanyga.craigslist.org/apa/4058747061.html,"- $430 / 1br - 576ft² - Always Room for YOU @ Hillside Apartments in Americus, GA. (120 Lonnie Lane Americus, GA.)","120 Lonnie Lane Americus, GA.",prggv-4058747061@hous.craigslist.org,229-924-9859,
http:/albanyga.craigslist.org/apa/4058747061.html,"- $430 / 1br - 576ft² - Always Room for YOU @ Hillside Apartments in Americus, GA. (120 Lonnie Lane Americus, GA.)","120 Lonnie Lane Americus, GA.",prggv-4058747061@hous.craigslist.org,229-924-9859,
http:/albanyga.craigslist.org/apa/4072455551.html,"- $660 / 3br - Gorgeous home for Rent . Modern Studio with everything you want !!! (albany, GA)","albany, GA",ul,,
http:/albanyga.craigslist.org/apa/4072455551.html,"- $660 / 3br - Gorgeous home for Rent . Modern Studio with everything you want !!! (albany, GA)","albany, GA",ul,,
http:/albanyga.craigslist.org/apa/4016520040.html,- $589 / 2br - 969ft² - 2 bed 2 bath 2 cute!! Ready 2 pre lease today! (Pinnacle West),Pinnacle West,pinnaclewest@mckinley.com,229-438-9999,
http:/albanyga.craigslist.org/apa/4016520040.html,- $589 / 2br - 969ft² - 2 bed 2 bath 2 cute!! Ready 2 pre lease today! (Pinnacle West),Pinnacle West,pinnaclewest@mckinley.com,229-438-9999,
http:/albanyga.craigslist.org/apa/4013627481.html,- $479 / 1br - 686ft² - WALK IN CLOSET! FURNISHED KITCHEN! (Pinnacle West),Pinnacle West,mn4bj-4013627481@hous.craigslist.org,229-438-9999,
http:/albanyga.craigslist.org/apa/4013627481.html,- $479 / 1br - 686ft² - WALK IN CLOSET! FURNISHED KITCHEN! (Pinnacle West),Pinnacle West,mn4bj-4013627481@hous.craigslist.org,229-438-9999,
http:/albanyga.craigslist.org/apa/4013663600.html,- $499 / 1br - 699ft² - LARGE PETS WELCOME! (Pinnacle West),Pinnacle West,pinnaclewest@mckinley.com,229-438-9999,
http:/albanyga.craigslist.org/apa/4013663600.html,- $499 / 1br - 699ft² - LARGE PETS WELCOME! (Pinnacle West),Pinnacle West,pinnaclewest@mckinley.com,229-438-9999,
http:/albanyga.craigslist.org/apa/4060616161.html,"- $430 / 1br - 576ft² - Hillside Apartments is now Leasing in Americus, Ga.! (120 Lonnie Lane)",120 Lonnie Lane,9tkjn-4060616161@hous.craigslist.org,,
http:/albanyga.craigslist.org/apa/4060616161.html,"- $430 / 1br - 576ft² - Hillside Apartments is now Leasing in Americus, Ga.! (120 Lonnie Lane)",120 Lonnie Lane,9tkjn-4060616161@hous.craigslist.org,,
http:/albanyga.craigslist.org/apa/4063084991.html,"- $550 / 2br - 864ft² - Attending College in Americus? Hillside Invites you ""HOME"" (Americus, Ga. )","Americus, Ga.",prbkc-4063084991@hous.craigslist.org,229-924-9859,
http:/albanyga.craigslist.org/apa/4063084991.html,"- $550 / 2br - 864ft² - Attending College in Americus? Hillside Invites you ""HOME"" (Americus, Ga. )","Americus, Ga.",prbkc-4063084991@hous.craigslist.org,229-924-9859,
http:/albanyga.craigslist.org/apa/4069654121.html,plz help,,xgmtx-4069654121@hous.craigslist.org,,
http:/albanyga.craigslist.org/apa/4069654121.html,plz help,,xgmtx-4069654121@hous.craigslist.org,,
http:/albanyga.craigslist.org/apa/4069518051.html,"- $425 / 3br - 611 Swift Ct - 5, Albany, GA 31705 (East Albany)",East Albany,3mnsw-4069518051@hous.craigslist.org,229-436-3353,
http:/albanyga.craigslist.org/apa/4069518051.html,"- $425 / 3br - 611 Swift Ct - 5, Albany, GA 31705 (East Albany)",East Albany,3mnsw-4069518051@hous.craigslist.org,229-436-3353,
http:/albanyga.craigslist.org/apa/4067590321.html,- $575 / 3br - 1475ft² - *Rent this captivating 3 bed 3.5 bath rental* (Albany),Albany,alison.hein64535@yahoo.com,,
http:/albanyga.craigslist.org/apa/4067590321.html,- $575 / 3br - 1475ft² - *Rent this captivating 3 bed 3.5 bath rental* (Albany),Albany,alison.hein64535@yahoo.com,,
http:/albanyga.craigslist.org/apa/4066141410.html,"- $450 / 1br - 1 BR, 1 BA Condo-Very Serene Locality (albany)",albany,bubyrafecehake@hotmail.com,,
http:/albanyga.craigslist.org/apa/4066141410.html,"- $450 / 1br - 1 BR, 1 BA Condo-Very Serene Locality (albany)",albany,bubyrafecehake@hotmail.com,,
http:/albanyga.craigslist.org/apa/4042975551.html,"- $475 / 3br - 1280ft² - Move-in Special $475 per month ""Income Restricted"" (Blakely GA)",Blakely GA,bzd8h-4042975551@hous.craigslist.org,,
http:/albanyga.craigslist.org/apa/4042975551.html,"- $475 / 3br - 1280ft² - Move-in Special $475 per month ""Income Restricted"" (Blakely GA)",Blakely GA,bzd8h-4042975551@hous.craigslist.org,,
http:/albanyga.craigslist.org/apa/4063329520.html,"- $500 / 1br - Great 1 Bed, 1 Bath Home (Albany ga)",Albany ga,lydomelixi@hotmail.com,,
http:/albanyga.craigslist.org/apa/4063329520.html,"- $500 / 1br - Great 1 Bed, 1 Bath Home (Albany ga)",Albany ga,lydomelixi@hotmail.com,,
http:/albanyga.craigslist.org/apa/4013667920.html,"- $589 / 2br - 969ft² - When you live here, everything is near!! (Pinnacle West)",Pinnacle West,pinnaclewest@mckinley.com,229-438-9999,
http:/albanyga.craigslist.org/apa/4013667920.html,"- $589 / 2br - 969ft² - When you live here, everything is near!! (Pinnacle West)",Pinnacle West,pinnaclewest@mckinley.com,229-438-9999,
http:/albanyga.craigslist.org/apa/4016680060.html,- $479 / 1br - 686ft² - PRE LEASE SPECIALS! (Pinnacle West),Pinnacle West,zw8jr-4016680060@hous.craigslist.org,229-438-9999,
http:/albanyga.craigslist.org/apa/4016680060.html,- $479 / 1br - 686ft² - PRE LEASE SPECIALS! (Pinnacle West),Pinnacle West,zw8jr-4016680060@hous.craigslist.org,229-438-9999,
http:/albanyga.craigslist.org/apa/4016580751.html,- $499 / 1br - 699ft² - What would you do for a Klondike Bar? LEASE TODAY?! (Pinnacle West),Pinnacle West,jszs5-4016580751@hous.craigslist.org,229-438-9999,
http:/albanyga.craigslist.org/apa/4016580751.html,- $499 / 1br - 699ft² - What would you do for a Klondike Bar? LEASE TODAY?! (Pinnacle West),Pinnacle West,jszs5-4016580751@hous.craigslist.org,229-438-9999,
http:/albanyga.craigslist.org/apa/4017047140.html,"- $589 / 2br - 969ft² - 2 bedroom, 2 bath, LAST ONE LEFT! (Pinnacle West)",Pinnacle West,pinnaclewest@mckinley.com,229-438-9999,
http:/albanyga.craigslist.org/apa/4017047140.html,"- $589 / 2br - 969ft² - 2 bedroom, 2 bath, LAST ONE LEFT! (Pinnacle West)",Pinnacle West,pinnaclewest@mckinley.com,229-438-9999,
http:/albanyga.craigslist.org/apa/4016651671.html,- $499 / 1br - 699ft² - Smile...You Look GOOD Right Here! (Pinnacle West),Pinnacle West,twrnc-4016651671@hous.craigslist.org,229-438-9999,
http:/albanyga.craigslist.org/apa/4016651671.html,- $499 / 1br - 699ft² - Smile...You Look GOOD Right Here! (Pinnacle West),Pinnacle West,twrnc-4016651671@hous.craigslist.org,229-438-9999,
http:/albanyga.craigslist.org/apa/4017028510.html,- $589 / 2br - 969ft² - UPDATED 2 BEDROOM! (Pinnacle West),Pinnacle West,pinnaclewest@mckinley.com,229-438-9999,
http:/albanyga.craigslist.org/apa/4017028510.html,- $589 / 2br - 969ft² - UPDATED 2 BEDROOM! (Pinnacle West),Pinnacle West,pinnaclewest@mckinley.com,229-438-9999,
http:/albanyga.craigslist.org/apa/4062016751.html,Niskayuna,,gsrcd-4062016751@hous.craigslist.org,,
http:/albanyga.craigslist.org/apa/4062016751.html,Niskayuna,,gsrcd-4062016751@hous.craigslist.org,,
http:/albanyga.craigslist.org/apa/4059221261.html,- $180 Furnished Weekly Rentals,,2hqw3-4059221261@hous.craigslist.org,(229) 436-7775,
http:/albanyga.craigslist.org/apa/4059221261.html,- $180 Furnished Weekly Rentals,,2hqw3-4059221261@hous.craigslist.org,(229) 436-7775,
http:/albanyga.craigslist.org/apa/4027803350.html,"- $480 / 1br - 576ft² - COMING SOON! NEWLY RENOVATED APARTMENT @ HILLSIDE APARTMENTS!! (Americus, Ga.)","Americus, Ga.",fvqgn-4027803350@hous.craigslist.org,229-924-9859,
http:/albanyga.craigslist.org/apa/4027803350.html,"- $480 / 1br - 576ft² - COMING SOON! NEWLY RENOVATED APARTMENT @ HILLSIDE APARTMENTS!! (Americus, Ga.)","Americus, Ga.",fvqgn-4027803350@hous.craigslist.org,229-924-9859,
http:/albanyga.craigslist.org/apa/4058597660.html,- $223 / 2br - 1051ft² - Public Housing Waiting List Open  (Steele Creek Seniors ),Steele Creek Seniors,dsnxh-4058597660@hous.craigslist.org,,
http:/albanyga.craigslist.org/apa/4058597660.html,- $223 / 2br - 1051ft² - Public Housing Waiting List Open  (Steele Creek Seniors ),Steele Creek Seniors,dsnxh-4058597660@hous.craigslist.org,,
http:/albanyga.craigslist.org/apa/4056419630.html,"- $580 / 3br - 1156ft² - Great 3 bedroom apts (Sunchase Apts 1308 Hobson St. Albany,GA)","Sunchase Apts 1308 Hobson St. Albany,GA",tg3bz-4056419630@hous.craigslist.org,,
http:/albanyga.craigslist.org/apa/4056419630.html,"- $580 / 3br - 1156ft² - Great 3 bedroom apts (Sunchase Apts 1308 Hobson St. Albany,GA)","Sunchase Apts 1308 Hobson St. Albany,GA",tg3bz-4056419630@hous.craigslist.org,,
http:/albanyga.craigslist.org/apa/4053017691.html,"- $580 / 3br - 1156ft² - 3 bedroom apts. (Sunchase Apts. 1308 Hobson St.Albany,GA)","Sunchase Apts. 1308 Hobson St.Albany,GA",t9skw-4053017691@hous.craigslist.org,,
http:/albanyga.craigslist.org/apa/4053017691.html,"- $580 / 3br - 1156ft² - 3 bedroom apts. (Sunchase Apts. 1308 Hobson St.Albany,GA)","Sunchase Apts. 1308 Hobson St.Albany,GA",t9skw-4053017691@hous.craigslist.org,,
http:/albanyga.craigslist.org/apa/4048762130.html,"- $550 / 3br - Cute 3BR, close to beach (albany)",albany,upywisukab@hotmail.com,,
http:/albanyga.craigslist.org/apa/4048762130.html,"- $550 / 3br - Cute 3BR, close to beach (albany)",albany,upywisukab@hotmail.com,,
http:/albanyga.craigslist.org/apa/4048391781.html,"- $650 / 3br - 3 Bedroom, 1 Bath House Just Outside of Town (Antioch Road, Albany)","Antioch Road, Albany",mvwjb-4048391781@hous.craigslist.org,,
http:/albanyga.craigslist.org/apa/4048391781.html,"- $650 / 3br - 3 Bedroom, 1 Bath House Just Outside of Town (Antioch Road, Albany)","Antioch Road, Albany",mvwjb-4048391781@hous.craigslist.org,,
http:/albanyga.craigslist.org/apa/4048148681.html,"- $425 / 2br - 949ft² - 2bedroom,2bath apartments (Sunchase Apts. 1308 Hobson St. Albany,GA)","Sunchase Apts. 1308 Hobson St. Albany,GA",xtcdc-4048148681@hous.craigslist.org,,
http:/albanyga.craigslist.org/apa/4048148681.html,"- $425 / 2br - 949ft² - 2bedroom,2bath apartments (Sunchase Apts. 1308 Hobson St. Albany,GA)","Sunchase Apts. 1308 Hobson St. Albany,GA",xtcdc-4048148681@hous.craigslist.org,,
http:/albanyga.craigslist.org/apa/4043345681.html,"- $450 / 1br - 576ft² - 1BR/1BA Homes near Albany Mall and Darton College! (Albany, ga)","Albany, ga",fpxxz-4043345681@hous.craigslist.org,(229) 514-4058,
http:/albanyga.craigslist.org/apa/4043345681.html,"- $450 / 1br - 576ft² - 1BR/1BA Homes near Albany Mall and Darton College! (Albany, ga)","Albany, ga",fpxxz-4043345681@hous.craigslist.org,(229) 514-4058,
http:/albanyga.craigslist.org/apa/3982538920.html,"3br - Manufactured Homes for Rent/Lease (Albany,GA)","Albany,GA",gjvvc-3982538920@hous.craigslist.org,,
http:/albanyga.craigslist.org/apa/3982538920.html,"3br - Manufactured Homes for Rent/Lease (Albany,GA)","Albany,GA",gjvvc-3982538920@hous.craigslist.org,,
http:/albanyga.craigslist.org/apa/4042962020.html,"- $450 / 1br - 450ft² - COME SEE THIS SPECTACULAR ALBANY APARTMENT TODAY! (Albany, ga)","Albany, ga",xg7gj-4042962020@hous.craigslist.org,(229) 514-4058,(229) 514-4058
http:/albanyga.craigslist.org/apa/4042962020.html,"- $450 / 1br - 450ft² - COME SEE THIS SPECTACULAR ALBANY APARTMENT TODAY! (Albany, ga)","Albany, ga",xg7gj-4042962020@hous.craigslist.org,(229) 514-4058,(229) 514-4058
http:/albanyga.craigslist.org/apa/4038215741.html,"- $580 / 3br - 1156ft² - Last Days of August are Here!!!! (Sunchase Apts. 1308 Hobson St. Albany,GA)","Sunchase Apts. 1308 Hobson St. Albany,GA",kp9j9-4038215741@hous.craigslist.org,(229) 446-9755,
http:/albanyga.craigslist.org/apa/4038215741.html,"- $580 / 3br - 1156ft² - Last Days of August are Here!!!! (Sunchase Apts. 1308 Hobson St. Albany,GA)","Sunchase Apts. 1308 Hobson St. Albany,GA",kp9j9-4038215741@hous.craigslist.org,(229) 446-9755,
http:/albanyga.craigslist.org/apa/4023901790.html,"- $550 / 2br - House for rent in downtown Thomasville (100 Ruby Street Thomasville, GA 31792)","100 Ruby Street Thomasville, GA 31792",2vthx-4023901790@hous.craigslist.org,904-229-6292,
http:/albanyga.craigslist.org/apa/4023901790.html,"- $550 / 2br - House for rent in downtown Thomasville (100 Ruby Street Thomasville, GA 31792)","100 Ruby Street Thomasville, GA 31792",2vthx-4023901790@hous.craigslist.org,904-229-6292,
http:/albanyga.craigslist.org/apa/4019001320.html,"- $1000 / 2br - 1050ft² - LOVELY WATERFRONT FURNISHED HOME FOR LEASE OR FOR SALE!! (Albany, GA)","Albany, GA",southernrealty03@aol.com,229-344-9918,
http:/albanyga.craigslist.org/apa/4019001320.html,"- $1000 / 2br - 1050ft² - LOVELY WATERFRONT FURNISHED HOME FOR LEASE OR FOR SALE!! (Albany, GA)","Albany, GA",southernrealty03@aol.com,229-344-9918,
http:/albanyga.craigslist.org/apa/3975581301.html,"- $430 / 1br - 576ft² - MOVING TO AMERICUS? CHECK US OUT FIRST @ HILLSIDE!! (120 Lonnie Lane, Americus, Ga. 31709)","120 Lonnie Lane, Americus, Ga. 31709",hfnn3-3975581301@hous.craigslist.org,229-924-9859,
http:/albanyga.craigslist.org/apa/3975581301.html,"- $430 / 1br - 576ft² - MOVING TO AMERICUS? CHECK US OUT FIRST @ HILLSIDE!! (120 Lonnie Lane, Americus, Ga. 31709)","120 Lonnie Lane, Americus, Ga. 31709",hfnn3-3975581301@hous.craigslist.org,229-924-9859,
http:/albanyga.craigslist.org/apa/3988960060.html,"- $430 / 1br - 576ft² - College Students Welcome here at Hillside Apartments!  (120 Lonnie Lane Americus, Ga. 31709)","120 Lonnie Lane Americus, Ga. 31709",bskkq-3988960060@hous.craigslist.org,229-924-9859,
http:/albanyga.craigslist.org/apa/3988960060.html,"- $430 / 1br - 576ft² - College Students Welcome here at Hillside Apartments!  (120 Lonnie Lane Americus, Ga. 31709)","120 Lonnie Lane Americus, Ga. 31709",bskkq-3988960060@hous.craigslist.org,229-924-9859,
http:/albanyga.craigslist.org/apa/4026230750.html,"- $410 / 2br - 900ft² - 2 Bedroom, 1 Bath House For Rent",,psxk4-4026230750@hous.craigslist.org,(404) 985-6189,
http:/albanyga.craigslist.org/apa/4026230750.html,"- $410 / 2br - 900ft² - 2 Bedroom, 1 Bath House For Rent",,psxk4-4026230750@hous.craigslist.org,(404) 985-6189,
http:/albanyga.craigslist.org/apa/4025431570.html,"- $1150 / 3br - 1225ft² - House For Rent  (Tucker, GA)","Tucker, GA",znxcd-4025431570@hous.craigslist.org,,
http:/albanyga.craigslist.org/apa/4025431570.html,"- $1150 / 3br - 1225ft² - House For Rent  (Tucker, GA)","Tucker, GA",znxcd-4025431570@hous.craigslist.org,,
http:/albanyga.craigslist.org/apa/4024615610.html,"- $695 / 2br - 1092ft² - Upscale Lee Co. Living OFF US Hwy 19  (1449 US Hwy 19 S Leesburg, Ga 31763)","1449 US Hwy 19 S Leesburg, Ga 31763",5j84z-4024615610@hous.craigslist.org, 347-0083,
http:/albanyga.craigslist.org/apa/4024615610.html,"- $695 / 2br - 1092ft² - Upscale Lee Co. Living OFF US Hwy 19  (1449 US Hwy 19 S Leesburg, Ga 31763)","1449 US Hwy 19 S Leesburg, Ga 31763",5j84z-4024615610@hous.craigslist.org, 347-0083,
http:/albanyga.craigslist.org/apa/4020925180.html,- $400 / 1br - Charming 1 bed property available start July (Albany),Albany,uvevuhivityj@hotmail.com,,
http:/albanyga.craigslist.org/apa/4020925180.html,- $400 / 1br - Charming 1 bed property available start July (Albany),Albany,uvevuhivityj@hotmail.com,,
